ts,date,open,high,low,close
1784394000,2026-07-18 17:00,64278.3,64466.0,64250.3,64450.0
1784397600,2026-07-18 18:00,64450.0,64666.0,64424.5,64477.3
1784401200,2026-07-18 19:00,64477.4,64566.0,64445.5,64526.3
1784404800,2026-07-18 20:00,64526.4,64738.2,64467.2,64665.5
1784408400,2026-07-18 21:00,64665.5,64819.2,64584.2,64697.6
1784412000,2026-07-18 22:00,64697.5,64837.4,64680.6,64774.4
1784415600,2026-07-18 23:00,64774.3,64818.1,64677.7,64806.7
1784419200,2026-07-19 00:00,64806.7,64878.8,64750.0,64756.5
1784422800,2026-07-19 01:00,64756.5,64771.8,64750.0,64750.0
1784426400,2026-07-19 02:00,64750.0,64948.8,64672.4,64795.4
1784430000,2026-07-19 03:00,64795.5,64815.8,64594.6,64686.8
1784433600,2026-07-19 04:00,64686.8,64775.2,64580.4,64692.2
1784437200,2026-07-19 05:00,64692.2,64789.8,64643.4,64695.1
1784440800,2026-07-19 06:00,64695.0,64737.7,64670.0,64682.3
1784444400,2026-07-19 07:00,64682.2,64759.3,64643.4,64692.2
1784448000,2026-07-19 08:00,64692.1,64723.5,64600.0,64678.1
1784451600,2026-07-19 09:00,64678.2,64694.0,64467.2,64495.2
1784455200,2026-07-19 10:00,64495.1,64677.7,64454.6,64561.4
1784458800,2026-07-19 11:00,64561.4,64610.0,64415.0,64445.7
1784462400,2026-07-19 12:00,64445.7,64445.7,64259.5,64417.5
1784466000,2026-07-19 13:00,64417.4,64497.9,64273.4,64453.0
1784469600,2026-07-19 14:00,64453.0,64633.0,64389.0,64561.1
1784473200,2026-07-19 15:00,64561.0,64594.7,64466.6,64545.2
1784476800,2026-07-19 16:00,64545.3,64624.8,64474.2,64510.7
1784480400,2026-07-19 17:00,64510.7,64733.0,64365.7,64520.0
1784484000,2026-07-19 18:00,64520.0,64529.1,64262.9,64399.8
1784487600,2026-07-19 19:00,64399.8,64442.2,64319.5,64438.1
1784491200,2026-07-19 20:00,64438.1,64534.3,64438.0,64515.9
1784494800,2026-07-19 21:00,64516.0,64539.0,64305.0,64393.7
1784498400,2026-07-19 22:00,64393.6,64874.9,64319.3,64642.7
1784502000,2026-07-19 23:00,64642.8,64748.1,64534.9,64694.7
1784505600,2026-07-20 00:00,64694.8,65084.6,64380.0,64526.0
1784509200,2026-07-20 01:00,64526.0,65011.0,64470.0,64594.7
1784512800,2026-07-20 02:00,64594.7,64940.0,64551.6,64800.1
1784516400,2026-07-20 03:00,64800.1,64887.0,64610.2,64839.4
1784520000,2026-07-20 04:00,64839.3,64843.4,64503.0,64511.3
1784523600,2026-07-20 05:00,64511.4,64536.1,64046.0,64101.7
1784527200,2026-07-20 06:00,64101.8,64198.3,63736.1,63890.0
1784530800,2026-07-20 07:00,63890.0,64285.5,63865.0,64250.0
1784534400,2026-07-20 08:00,64250.0,64337.0,63858.1,64031.4
1784538000,2026-07-20 09:00,64031.4,64260.0,63984.5,64176.6
1784541600,2026-07-20 10:00,64176.6,64393.2,64137.0,64280.5
1784545200,2026-07-20 11:00,64280.5,65048.3,64237.1,64970.8
1784548800,2026-07-20 12:00,64970.8,64982.0,64571.0,64627.2
1784552400,2026-07-20 13:00,64627.1,64737.5,64174.5,64315.0
1784556000,2026-07-20 14:00,64315.0,64550.0,64034.3,64393.0
1784559600,2026-07-20 15:00,64393.0,65688.0,64386.8,65570.1
1784563200,2026-07-20 16:00,65570.0,65615.5,65301.8,65478.6
1784566800,2026-07-20 17:00,65478.6,65642.0,65313.9,65560.0
1784570400,2026-07-20 18:00,65560.0,65788.0,65168.0,65215.8
1784574000,2026-07-20 19:00,65215.7,65256.1,65011.4,65119.3
1784577600,2026-07-20 20:00,65119.3,65435.3,65030.2,65344.7
1784581200,2026-07-20 21:00,65344.8,65416.4,65241.6,65258.5
1784584800,2026-07-20 22:00,65258.4,65258.5,65061.2,65118.7
1784588400,2026-07-20 23:00,65118.8,65244.9,65098.8,65224.8
1784592000,2026-07-21 00:00,65224.7,65561.0,65115.3,65538.9
1784595600,2026-07-21 01:00,65538.8,65634.4,65202.1,65205.1
1784599200,2026-07-21 02:00,65205.1,65479.5,65145.1,65386.4
1784602800,2026-07-21 03:00,65386.5,65572.2,65380.0,65539.5
1784606400,2026-07-21 04:00,65539.5,65723.0,65453.5,65494.2
1784610000,2026-07-21 05:00,65494.2,65927.9,65460.1,65724.9
1784613600,2026-07-21 06:00,65724.8,65970.0,65604.8,65892.4
1784617200,2026-07-21 07:00,65892.5,66240.0,65828.2,66166.9
1784620800,2026-07-21 08:00,66166.8,66337.8,66103.4,66200.0
1784624400,2026-07-21 09:00,66199.9,66320.4,66110.0,66261.2
1784628000,2026-07-21 10:00,66261.3,66390.0,66145.5,66161.1
1784631600,2026-07-21 11:00,66161.0,66333.0,66117.1,66317.9
1784635200,2026-07-21 12:00,66317.9,66618.0,66236.0,66527.7
1784638800,2026-07-21 13:00,66527.7,66777.0,66290.4,66748.8
1784642400,2026-07-21 14:00,66748.7,66924.1,66609.0,66804.3
1784646000,2026-07-21 15:00,66804.3,66804.4,66487.9,66648.5
1784649600,2026-07-21 16:00,66648.5,66736.7,66428.5,66507.1
1784653200,2026-07-21 17:00,66507.1,66537.1,65939.0,66181.1
1784656800,2026-07-21 18:00,66181.1,66333.0,66071.2,66287.5
1784660400,2026-07-21 19:00,66287.6,66467.4,66230.0,66409.5
1784664000,2026-07-21 20:00,66409.4,66465.6,66326.3,66373.8
1784667600,2026-07-21 21:00,66373.8,66380.8,66261.7,66352.4
1784671200,2026-07-21 22:00,66352.4,66352.6,66172.0,66271.2
1784674800,2026-07-21 23:00,66271.3,66544.8,66200.0,66522.4
1784678400,2026-07-22 00:00,66522.3,66711.0,66503.9,66591.7
1784682000,2026-07-22 01:00,66591.8,66629.3,66253.0,66399.9
1784685600,2026-07-22 02:00,66399.9,66513.8,66264.9,66283.2
1784689200,2026-07-22 03:00,66283.2,66343.4,66141.7,66176.7
1784692800,2026-07-22 04:00,66176.6,66399.0,66161.4,66349.3
1784696400,2026-07-22 05:00,66349.2,66349.3,65909.1,65954.5
1784700000,2026-07-22 06:00,65954.4,66000.0,65800.1,65906.8
1784703600,2026-07-22 07:00,65906.7,65941.5,65668.6,65813.4
1784707200,2026-07-22 08:00,65813.4,66140.5,65813.4,65953.5
1784710800,2026-07-22 09:00,65953.4,66053.2,65816.4,65896.4
1784714400,2026-07-22 10:00,65896.3,66077.3,65861.4,66016.2
1784718000,2026-07-22 11:00,66016.2,66057.9,65872.1,65981.4
1784721600,2026-07-22 12:00,65981.3,65986.0,65505.0,65604.2
1784725200,2026-07-22 13:00,65604.1,65956.0,65531.7,65924.9
1784728800,2026-07-22 14:00,65924.9,66190.4,65556.3,65770.2
1784732400,2026-07-22 15:00,65770.2,66100.0,65770.0,66014.8
1784736000,2026-07-22 16:00,66014.8,66363.6,65877.0,66199.7
1784739600,2026-07-22 17:00,66199.8,66249.3,65912.6,65997.5
1784743200,2026-07-22 18:00,65997.5,66052.8,65701.2,65860.5
1784746800,2026-07-22 19:00,65860.6,65924.0,65650.2,65891.1
1784750400,2026-07-22 20:00,65891.2,65954.3,65753.0,65887.8
1784754000,2026-07-22 21:00,65887.8,66103.1,65853.2,66034.5
1784757600,2026-07-22 22:00,66034.5,66046.0,65891.8,66013.8
1784761200,2026-07-22 23:00,66013.9,66116.5,65808.5,66082.0
1784764800,2026-07-23 00:00,66082.0,66284.1,66020.0,66023.8
1784768400,2026-07-23 01:00,66023.8,66180.0,65715.9,65793.8
1784772000,2026-07-23 02:00,65793.7,65808.9,65616.3,65777.4
1784775600,2026-07-23 03:00,65777.4,65788.2,65548.0,65626.8
1784779200,2026-07-23 04:00,65626.7,65710.0,65558.0,65585.3
1784782800,2026-07-23 05:00,65585.4,65764.8,65543.1,65663.9
1784786400,2026-07-23 06:00,65663.9,65793.7,65593.9,65763.2
1784790000,2026-07-23 07:00,65763.3,65763.3,65313.7,65405.3
1784793600,2026-07-23 08:00,65405.3,65637.2,65383.6,65605.9
1784797200,2026-07-23 09:00,65605.8,65732.3,65573.8,65607.9
1784800800,2026-07-23 10:00,65607.9,65756.6,65555.1,65704.2
1784804400,2026-07-23 11:00,65704.1,65709.4,65511.0,65525.4
1784808000,2026-07-23 12:00,65525.4,65557.8,64927.3,65138.0
1784811600,2026-07-23 13:00,65138.0,65215.3,64839.1,64858.6
1784815200,2026-07-23 14:00,64858.7,65197.0,64801.0,64884.6
1784818800,2026-07-23 15:00,64884.7,65003.6,64696.2,64940.4
1784822400,2026-07-23 16:00,64940.4,64940.5,64688.0,64731.4
1784826000,2026-07-23 17:00,64731.5,64877.6,64636.0,64654.4
1784829600,2026-07-23 18:00,64654.4,64924.9,64654.3,64842.5
1784833200,2026-07-23 19:00,64842.5,64908.1,64670.0,64820.7
1784836800,2026-07-23 20:00,64820.7,65176.0,64809.7,65117.7
1784840400,2026-07-23 21:00,65117.6,65183.1,64979.9,65137.4
1784844000,2026-07-23 22:00,65137.4,65193.5,64976.7,65158.2
1784847600,2026-07-23 23:00,65158.2,65189.5,65018.8,65069.6
1784851200,2026-07-24 00:00,65069.6,65084.0,64733.2,64953.1
1784854800,2026-07-24 01:00,64953.0,65146.4,64912.4,65053.2
1784858400,2026-07-24 02:00,65053.2,65164.8,64890.5,65091.8
1784862000,2026-07-24 03:00,65091.8,65436.8,65045.0,65425.4
1784865600,2026-07-24 04:00,65425.5,65440.0,65235.4,65281.9
1784869200,2026-07-24 05:00,65282.0,65365.9,65213.0,65282.3
1784872800,2026-07-24 06:00,65282.4,65490.0,65245.6,65441.6
1784876400,2026-07-24 07:00,65441.6,65780.0,65338.0,65470.0
1784880000,2026-07-24 08:00,65470.1,65477.2,65274.5,65274.6
1784883600,2026-07-24 09:00,65274.6,65290.7,64919.7,65088.1
1784887200,2026-07-24 10:00,65088.2,65132.2,64878.0,64927.8
1784890800,2026-07-24 11:00,64927.7,65073.6,64821.9,65045.7
1784894400,2026-07-24 12:00,65045.7,65110.1,64707.5,64746.6
1784898000,2026-07-24 13:00,64746.5,64774.5,63882.3,64129.1
1784901600,2026-07-24 14:00,64128.9,64170.0,63666.0,64031.4
1784905200,2026-07-24 15:00,64031.3,64305.8,63824.3,64065.1
1784908800,2026-07-24 16:00,64065.1,64176.5,63854.3,63930.4
1784912400,2026-07-24 17:00,63930.3,64177.9,63882.6,64154.9
1784916000,2026-07-24 18:00,64154.9,64262.3,64104.1,64242.8
1784919600,2026-07-24 19:00,64242.7,64266.9,64113.4,64199.5
1784923200,2026-07-24 20:00,64199.5,64260.1,64105.0,64139.6
1784926800,2026-07-24 21:00,64139.6,64195.1,64098.7,64112.2
1784930400,2026-07-24 22:00,64112.2,64187.6,64098.7,64132.7
1784934000,2026-07-24 23:00,64132.8,64155.0,64102.2,64116.5
1784937600,2026-07-25 00:00,64116.5,64155.0,64005.4,64049.6
1784941200,2026-07-25 01:00,64049.6,64135.0,63977.0,64039.2
1784944800,2026-07-25 02:00,64039.1,64072.3,63988.4,64010.5
1784948400,2026-07-25 03:00,64010.6,64073.7,63988.4,64052.9
1784952000,2026-07-25 04:00,64053.0,64181.0,64052.9,64146.9
1784955600,2026-07-25 05:00,64147.0,64166.6,63940.7,63990.1
1784959200,2026-07-25 06:00,63990.0,64032.0,63933.2,63982.9
1784962800,2026-07-25 07:00,63982.9,64005.5,63966.8,63972.9
1784966400,2026-07-25 08:00,63973.0,63973.1,63760.5,63844.3
1784970000,2026-07-25 09:00,63844.4,64000.0,63794.2,63973.9
1784973600,2026-07-25 10:00,63973.8,64039.7,63959.3,64039.6
1784977200,2026-07-25 11:00,64039.6,64078.5,64014.7,64031.3
1784980800,2026-07-25 12:00,64031.2,64088.2,64006.2,64088.2
1784984400,2026-07-25 13:00,64088.1,64236.8,64072.2,64136.9
1784988000,2026-07-25 14:00,64136.8,64187.4,64079.2,64177.7
1784991600,2026-07-25 15:00,64177.7,64243.6,64135.5,64150.0
1784995200,2026-07-25 16:00,64150.1,64219.0,64092.2,64180.9
1784998800,2026-07-25 17:00,64180.8,64330.2,64162.1,64236.6
1785002400,2026-07-25 18:00,64236.7,64417.1,64236.7,64391.4
1785006000,2026-07-25 19:00,64391.3,64410.0,64351.4,64359.6
1785009600,2026-07-25 20:00,64359.7,64367.8,64282.9,64303.9
1785013200,2026-07-25 21:00,64304.0,64407.1,64233.0,64318.5
1785016800,2026-07-25 22:00,64318.6,64393.0,64318.5,64377.6
1785020400,2026-07-25 23:00,64377.7,64393.4,64331.9,64338.1
1785024000,2026-07-26 00:00,64338.0,64482.7,64317.9,64482.6
1785027600,2026-07-26 01:00,64482.7,64514.1,64422.6,64434.3
1785031200,2026-07-26 02:00,64434.5,64500.0,64394.0,64490.6
1785034800,2026-07-26 03:00,64490.6,64553.9,64453.2,64518.8
1785038400,2026-07-26 04:00,64518.9,64566.0,64452.9,64493.1
1785042000,2026-07-26 05:00,64493.2,64493.2,64359.3,64386.0
1785045600,2026-07-26 06:00,64386.0,64428.7,64256.4,64408.9
1785049200,2026-07-26 07:00,64409.0,64439.1,64313.5,64341.2
1785052800,2026-07-26 08:00,64341.3,64467.5,64320.2,64450.1
1785056400,2026-07-26 09:00,64450.0,64525.2,64450.0,64512.3
1785060000,2026-07-26 10:00,64512.3,64557.3,64472.4,64490.9
1785063600,2026-07-26 11:00,64491.0,64507.2,64470.0,64481.4
1785067200,2026-07-26 12:00,64481.5,64639.0,64405.9,64434.2
1785070800,2026-07-26 13:00,64434.2,64548.3,64379.7,64491.8
1785074400,2026-07-26 14:00,64491.9,64748.3,64491.8,64687.2
1785078000,2026-07-26 15:00,64687.2,64819.3,64640.0,64733.6
1785081600,2026-07-26 16:00,64733.5,64909.0,64670.1,64700.0
1785085200,2026-07-26 17:00,64700.0,64769.1,64639.9,64663.2
1785088800,2026-07-26 18:00,64663.3,64749.4,64634.0,64706.8
1785092400,2026-07-26 19:00,64706.8,64729.4,64638.8,64665.5
1785096000,2026-07-26 20:00,64665.6,64676.2,64606.3,64621.3
1785099600,2026-07-26 21:00,64621.2,64897.1,64621.2,64821.7
1785103200,2026-07-26 22:00,64821.7,65480.0,64821.7,65384.7
1785106800,2026-07-26 23:00,65384.7,65555.0,65245.6,65375.1
1785110400,2026-07-27 00:00,65375.2,65398.8,65033.0,65106.0
1785114000,2026-07-27 01:00,65106.1,65196.7,64872.0,65179.8
1785117600,2026-07-27 02:00,65179.9,65254.4,65088.0,65145.7
1785121200,2026-07-27 03:00,65145.6,65344.0,65143.5,65261.5
1785124800,2026-07-27 04:00,65261.5,65484.6,65216.0,65257.2
1785128400,2026-07-27 05:00,65257.2,65468.2,65251.0,65434.3
1785132000,2026-07-27 06:00,65434.2,65722.5,65377.5,65388.0
1785135600,2026-07-27 07:00,65388.0,65421.3,65190.0,65195.9
1785139200,2026-07-27 08:00,65196.0,65234.0,65092.3,65133.0
1785142800,2026-07-27 09:00,65132.9,65315.7,65066.3,65234.4
1785146400,2026-07-27 10:00,65234.5,65412.8,65202.1,65314.7
1785150000,2026-07-27 11:00,65314.7,65314.8,65061.1,65073.1
1785153600,2026-07-27 12:00,65073.1,65240.2,64811.0,65065.0
1785157200,2026-07-27 13:00,65065.0,65689.6,64885.3,65189.4
1785160800,2026-07-27 14:00,65189.4,65409.3,64418.9,64663.4
1785164400,2026-07-27 15:00,64663.4,64750.0,64374.4,64517.1
1785168000,2026-07-27 16:00,64517.2,64941.7,64479.0,64871.0
1785171600,2026-07-27 17:00,64871.0,65069.4,64761.7,64994.3
1785175200,2026-07-27 18:00,64994.2,65034.9,64727.3,64854.7
1785178800,2026-07-27 19:00,64854.7,65056.8,64782.0,64959.2
1785182400,2026-07-27 20:00,64959.2,65030.8,64873.6,64940.4
1785186000,2026-07-27 21:00,64940.3,64940.4,64762.1,64790.2
1785189600,2026-07-27 22:00,64790.3,64790.3,63755.3,63755.4
1785193200,2026-07-27 23:00,63755.5,63903.6,63567.0,63720.8
1785196800,2026-07-28 00:00,63720.7,63794.3,63439.1,63453.1
1785200400,2026-07-28 01:00,63453.1,63500.0,63021.0,63195.9
1785204000,2026-07-28 02:00,63195.8,63269.8,63069.8,63148.2
1785207600,2026-07-28 03:00,63148.1,63342.8,63131.9,63310.1
1785211200,2026-07-28 04:00,63310.0,63333.3,63187.2,63323.5
1785214800,2026-07-28 05:00,63323.5,63588.0,63294.9,63417.4
1785218400,2026-07-28 06:00,63417.5,63642.2,63365.4,63609.4
1785222000,2026-07-28 07:00,63609.4,63635.4,63421.0,63476.8
1785225600,2026-07-28 08:00,63476.8,63513.9,63370.1,63401.7
1785229200,2026-07-28 09:00,63401.6,63557.0,63337.7,63367.8
1785232800,2026-07-28 10:00,63367.8,63532.1,63263.5,63439.6
1785236400,2026-07-28 11:00,63439.6,63569.0,63322.6,63430.8
1785240000,2026-07-28 12:00,63430.7,63548.8,63355.4,63520.1
1785243600,2026-07-28 13:00,63520.1,63568.6,62660.1,63078.9
1785247200,2026-07-28 14:00,63078.8,63521.0,62937.0,63384.1
1785250800,2026-07-28 15:00,63384.0,64014.2,63231.9,63899.4
1785254400,2026-07-28 16:00,63899.5,64084.5,63746.4,64020.0
1785258000,2026-07-28 17:00,64019.9,64020.0,63477.2,63666.0
1785261600,2026-07-28 18:00,63666.0,63824.0,63646.6,63710.8
1785265200,2026-07-28 19:00,63710.8,63882.4,63650.1,63882.4
1785268800,2026-07-28 20:00,63882.4,63993.2,63850.4,63890.8
1785272400,2026-07-28 21:00,63890.7,64047.9,63863.8,63950.1
1785276000,2026-07-28 22:00,63950.1,64000.0,63739.8,63754.6
1785279600,2026-07-28 23:00,63754.6,63934.3,63526.0,63903.6
1785283200,2026-07-29 00:00,63903.6,64175.0,63846.0,63927.5
1785286800,2026-07-29 01:00,63927.5,63978.7,63657.8,63682.5
1785290400,2026-07-29 02:00,63682.4,64110.5,63630.0,63955.0
1785294000,2026-07-29 03:00,63955.0,63984.7,63684.7,63727.0
1785297600,2026-07-29 04:00,63727.0,63950.0,63569.5,63944.2
1785301200,2026-07-29 05:00,63944.3,64071.1,63866.4,64045.3
1785304800,2026-07-29 06:00,64045.3,64444.0,64004.7,64407.7
1785308400,2026-07-29 07:00,64407.8,64544.0,64376.1,64539.0
1785312000,2026-07-29 08:00,64539.1,64556.6,64251.0,64391.2
1785315600,2026-07-29 09:00,64391.2,64715.9,64353.2,64660.7
1785319200,2026-07-29 10:00,64660.8,64691.4,64381.2,64444.0
1785322800,2026-07-29 11:00,64444.0,64565.2,64388.0,64480.0
1785326400,2026-07-29 12:00,64479.9,64480.0,64175.4,64248.2
1785330000,2026-07-29 13:00,64248.2,64639.9,64113.6,64634.6
1785333600,2026-07-29 14:00,64634.6,64688.0,64019.0,64078.1
1785337200,2026-07-29 15:00,64078.2,64170.7,63857.4,63940.2
1785340800,2026-07-29 16:00,63940.2,64131.9,63600.0,63786.6
1785344400,2026-07-29 17:00,63786.6,64287.3,63680.1,64247.5
1785348000,2026-07-29 18:00,64247.4,64703.9,63742.9,64484.5
1785351600,2026-07-29 19:00,64484.4,64575.7,63483.9,63564.1
1785355200,2026-07-29 20:00,63564.0,63721.0,63336.0,63487.9
1785358800,2026-07-29 21:00,63487.8,63831.8,63234.0,63831.1
1785362400,2026-07-29 22:00,63831.2,64108.4,63831.1,63916.9
1785366000,2026-07-29 23:00,63916.9,64044.4,63868.0,63958.9
1785369600,2026-07-30 00:00,63958.9,64098.2,63576.4,63673.7
1785373200,2026-07-30 01:00,63673.7,64355.9,63662.6,64245.3
1785376800,2026-07-30 02:00,64245.2,64393.0,64139.0,64163.7
1785380400,2026-07-30 03:00,64163.6,64282.8,64109.0,64134.0
1785384000,2026-07-30 04:00,64134.0,64152.3,63980.0,63998.5
1785387600,2026-07-30 05:00,63998.6,64156.4,63881.0,64013.6
1785391200,2026-07-30 06:00,64013.5,64054.8,63930.0,63974.6
1785394800,2026-07-30 07:00,63974.6,64121.9,63913.6,63981.9
1785398400,2026-07-30 08:00,63981.8,64334.6,63950.0,64280.4
1785402000,2026-07-30 09:00,64280.4,64618.1,64257.1,64550.0
1785405600,2026-07-30 10:00,64550.0,64612.5,64538.2,64548.9
1785409200,2026-07-30 11:00,64548.9,64870.0,64515.1,64766.8
1785412800,2026-07-30 12:00,64766.9,65015.6,64765.6,64892.6
1785416400,2026-07-30 13:00,64892.7,65157.0,64663.0,64995.9
1785420000,2026-07-30 14:00,64995.8,65015.3,64588.4,64649.0
1785423600,2026-07-30 15:00,64649.1,64861.4,64571.4,64694.2
1785427200,2026-07-30 16:00,64694.2,64933.0,64694.2,64785.1
1785430800,2026-07-30 17:00,64785.1,64957.2,64738.1,64842.4
1785434400,2026-07-30 18:00,64842.4,64871.1,64657.4,64668.9
1785438000,2026-07-30 19:00,64668.9,64875.0,64668.8,64778.6
1785441600,2026-07-30 20:00,64778.5,64909.0,64723.4,64750.0
1785445200,2026-07-30 21:00,64750.0,64780.8,64678.2,64706.5
1785448800,2026-07-30 22:00,64706.6,64995.0,64636.3,64827.4
1785452400,2026-07-30 23:00,64827.3,65062.9,64698.5,64750.0
1785456000,2026-07-31 00:00,64750.0,64878.0,64663.7,64698.5
1785459600,2026-07-31 01:00,64698.5,65391.3,64444.0,64535.1
1785463200,2026-07-31 02:00,64535.2,64593.3,64177.9,64271.9
1785466800,2026-07-31 03:00,64272.0,64410.4,64138.0,64344.0
1785470400,2026-07-31 04:00,64344.0,64425.6,64210.0,64281.6
1785474000,2026-07-31 05:00,64281.6,64396.7,64242.5,64334.4
1785477600,2026-07-31 06:00,64334.3,64476.8,64179.9,64208.5
1785481200,2026-07-31 07:00,64208.4,64217.0,63835.6,63909.1
1785484800,2026-07-31 08:00,63909.0,63950.0,63777.7,63801.9
1785488400,2026-07-31 09:00,63801.8,63820.0,63601.2,63689.0
1785492000,2026-07-31 10:00,63689.1,63923.4,63577.0,63886.1
1785495600,2026-07-31 11:00,63886.2,63982.2,63755.1,63779.4
1785499200,2026-07-31 12:00,63779.4,63804.1,63595.3,63727.4
1785502800,2026-07-31 13:00,63727.4,63807.5,63216.2,63248.1
1785506400,2026-07-31 14:00,63248.0,63291.6,62410.5,62663.8
1785510000,2026-07-31 15:00,62663.9,62749.7,62458.0,62695.4
1785513600,2026-07-31 16:00,62695.3,62913.4,62680.1,62849.4
1785517200,2026-07-31 17:00,62849.4,63270.1,62780.8,63215.6
1785520800,2026-07-31 18:00,63215.6,63275.7,62935.1,63064.9
1785524400,2026-07-31 19:00,63065.0,63133.0,62906.3,62947.2
1785528000,2026-07-31 20:00,62947.1,63003.0,62901.0,62928.7
1785531600,2026-07-31 21:00,62928.7,63037.0,62814.1,62924.7
1785535200,2026-07-31 22:00,62924.8,62996.7,62835.0,62916.7
1785538800,2026-07-31 23:00,62916.8,62990.0,62825.0,62859.9
1785542400,2026-08-01 00:00,62859.8,62995.0,62859.8,62909.4
1785546000,2026-08-01 01:00,62909.4,62964.6,62888.9,62946.7
1785549600,2026-08-01 02:00,62946.7,63084.6,62946.7,63040.8
1785553200,2026-08-01 03:00,63040.8,63045.7,62937.5,62973.8
1785556800,2026-08-01 04:00,62973.8,63079.2,62964.1,63073.9
1785560400,2026-08-01 05:00,63074.0,63118.7,62969.6,62999.8
1785564000,2026-08-01 06:00,62999.8,63053.1,62965.2,63049.9
1785567600,2026-08-01 07:00,63049.9,63086.3,63001.4,63019.6
1785571200,2026-08-01 08:00,63019.6,63126.6,63019.5,63097.4
1785574800,2026-08-01 09:00,63097.4,63111.4,63014.1,63021.4
1785578400,2026-08-01 10:00,63021.4,63085.0,62956.5,63029.1
1785582000,2026-08-01 11:00,63029.1,63064.0,63010.1,63045.1
1785585600,2026-08-01 12:00,63045.2,63094.1,63045.1,63068.9
1785589200,2026-08-01 13:00,63068.9,63075.9,63010.1,63036.7
1785592800,2026-08-01 14:00,63036.6,63097.5,63036.6,63097.1
1785596400,2026-08-01 15:00,63097.1,63097.1,62976.4,62976.4
1785600000,2026-08-01 16:00,62976.4,63006.6,62838.8,62899.9
1785603600,2026-08-01 17:00,62899.9,62969.5,62633.3,62684.0
1785607200,2026-08-01 18:00,62684.1,62710.7,62228.8,62552.5
1785610800,2026-08-01 19:00,62552.6,62596.5,62430.8,62502.1
1785614400,2026-08-01 20:00,62502.1,62642.9,62456.9,62631.8
1785618000,2026-08-01 21:00,62631.8,62844.9,62631.8,62789.4
1785621600,2026-08-01 22:00,62789.5,62844.5,62762.4,62800.1
1785625200,2026-08-01 23:00,62800.1,62830.0,62737.1,62792.3
1785628800,2026-08-02 00:00,62792.3,62950.0,62782.3,62807.5
1785632400,2026-08-02 01:00,62807.5,63066.0,62807.5,62960.8
1785636000,2026-08-02 02:00,62960.9,63542.0,62925.6,63425.4
1785639600,2026-08-02 03:00,63425.5,63529.4,63351.3,63436.7
1785643200,2026-08-02 04:00,63436.8,63600.0,63436.7,63557.1
1785646800,2026-08-02 05:00,63557.1,63620.0,63382.9,63428.5
1785650400,2026-08-02 06:00,63428.6,63478.8,63402.5,63460.0
1785654000,2026-08-02 07:00,63460.1,63514.2,63449.0,63468.1
1785657600,2026-08-02 08:00,63468.0,63507.8,63141.0,63171.1
1785661200,2026-08-02 09:00,63171.2,63301.6,63065.3,63249.8
1785664800,2026-08-02 10:00,63249.7,63249.7,63096.0,63176.7
1785668400,2026-08-02 11:00,63176.6,63186.1,62961.1,63007.3
1785672000,2026-08-02 12:00,63007.2,63215.1,63007.2,63097.2
1785675600,2026-08-02 13:00,63097.2,63119.2,62974.4,63095.0
1785679200,2026-08-02 14:00,63095.0,63163.2,63031.7,63042.7
1785682800,2026-08-02 15:00,63042.6,63158.2,63023.0,63081.6
1785686400,2026-08-02 16:00,63081.6,63258.8,63038.0,63158.6
1785690000,2026-08-02 17:00,63158.6,63323.6,63130.0,63279.7
1785693600,2026-08-02 18:00,63279.6,63594.6,63266.4,63364.2
1785697200,2026-08-02 19:00,63364.2,63459.8,63306.0,63432.9
1785700800,2026-08-02 20:00,63433.0,63483.3,63383.0,63477.2
1785704400,2026-08-02 21:00,63477.3,63774.6,63459.9,63560.0
1785708000,2026-08-02 22:00,63560.0,63779.0,63343.2,63398.0
1785711600,2026-08-02 23:00,63398.0,63577.1,63306.2,63550.0
1785715200,2026-08-03 00:00,63550.0,63575.6,63168.3,63298.9
1785718800,2026-08-03 01:00,63299.0,63332.8,63088.0,63185.9
1785722400,2026-08-03 02:00,63185.9,63266.1,63068.1,63118.3
1785726000,2026-08-03 03:00,63118.2,63152.8,62745.0,62839.7
1785729600,2026-08-03 04:00,62839.8,62976.8,62745.3,62765.3
1785733200,2026-08-03 05:00,62765.2,62848.0,62716.0,62799.9
1785736800,2026-08-03 06:00,62800.0,62850.1,62576.2,62594.9
1785740400,2026-08-03 07:00,62594.8,62671.6,62520.0,62591.0
1785744000,2026-08-03 08:00,62591.0,62624.0,62268.2,62512.4
1785747600,2026-08-03 09:00,62512.4,62846.3,62487.9,62806.0
1785751200,2026-08-03 10:00,62806.0,62838.5,62584.8,62708.8
1785754800,2026-08-03 11:00,62708.9,62746.4,62506.8,62534.1
1785758400,2026-08-03 12:00,62534.1,62769.1,62400.0,62669.9
1785762000,2026-08-03 13:00,62669.9,63368.1,62533.3,63317.6
1785765600,2026-08-03 14:00,63317.7,63956.4,63109.7,63927.9
1785769200,2026-08-03 15:00,63928.0,63960.0,63610.2,63659.5
1785772800,2026-08-03 16:00,63659.5,63907.4,63626.2,63738.0
1785776400,2026-08-03 17:00,63737.9,64049.5,63680.0,63874.1
1785780000,2026-08-03 18:00,63874.1,63973.1,63735.0,63835.5
1785783600,2026-08-03 19:00,63835.6,64058.8,63807.3,63836.9
1785787200,2026-08-03 20:00,63836.9,63992.9,63737.2,63755.9
1785790800,2026-08-03 21:00,63755.9,63763.5,63505.4,63561.1
1785794400,2026-08-03 22:00,63561.1,63648.7,63352.2,63587.6
1785798000,2026-08-03 23:00,63587.6,63596.5,63435.3,63497.2
1785801600,2026-08-04 00:00,63497.1,63558.8,63290.2,63337.6
1785805200,2026-08-04 01:00,63337.6,63911.6,63337.5,63816.1
1785808800,2026-08-04 02:00,63816.1,63958.6,63651.8,63802.3
1785812400,2026-08-04 03:00,63802.3,63843.7,63624.1,63771.0
1785816000,2026-08-04 04:00,63771.0,64239.8,63732.0,64004.4
1785819600,2026-08-04 05:00,64004.5,64032.8,63762.0,63783.7
1785823200,2026-08-04 06:00,63783.6,63830.0,63630.0,63653.4
1785826800,2026-08-04 07:00,63653.3,63736.9,63480.0,63666.5
1785830400,2026-08-04 08:00,63666.5,63730.0,63539.0,63559.7
1785834000,2026-08-04 09:00,63559.7,63589.2,63495.4,63576.4
1785837600,2026-08-04 10:00,63576.4,63818.7,63428.8,63743.3
1785841200,2026-08-04 11:00,63743.4,63926.0,63679.5,63900.2
1785844800,2026-08-04 12:00,63900.2,64034.3,63763.1,63875.1
1785848400,2026-08-04 13:00,63875.2,64080.0,63625.5,63663.7
1785852000,2026-08-04 14:00,63663.7,64177.0,63582.1,64100.0
1785855600,2026-08-04 15:00,64100.0,64200.0,63782.7,64088.4
1785859200,2026-08-04 16:00,64088.3,64104.0,63866.5,63928.9
1785862800,2026-08-04 17:00,63928.8,64159.4,63856.4,63936.1
1785866400,2026-08-04 18:00,63936.2,64370.0,63932.0,64270.7
1785870000,2026-08-04 19:00,64270.8,64388.0,64140.1,64197.3
1785873600,2026-08-04 20:00,64197.3,64397.6,63918.2,64316.3
1785877200,2026-08-04 21:00,64316.4,64316.4,64145.9,64166.8
1785880800,2026-08-04 22:00,64166.7,64267.2,64107.5,64238.0
1785884400,2026-08-04 23:00,64237.9,64512.9,64017.7,64075.5
1785888000,2026-08-05 00:00,64075.6,64163.8,63951.1,63970.9
1785891600,2026-08-05 01:00,63970.9,64321.3,63917.1,64306.3
1785895200,2026-08-05 02:00,64306.3,64480.0,64292.8,64340.3
1785898800,2026-08-05 03:00,64340.3,64416.9,64010.1,64145.6
1785902400,2026-08-05 04:00,64145.6,64193.0,64052.4,64141.5
1785906000,2026-08-05 05:00,64141.5,64500.0,64131.5,64307.7
1785909600,2026-08-05 06:00,64307.7,64345.8,64204.8,64226.0
1785913200,2026-08-05 07:00,64226.0,64247.8,63962.4,64141.0
1785916800,2026-08-05 08:00,64141.0,64257.1,64066.1,64096.3
1785920400,2026-08-05 09:00,64096.4,64181.6,64068.4,64127.5
1785924000,2026-08-05 10:00,64127.4,64217.0,63982.2,64033.0
1785927600,2026-08-05 11:00,64033.0,64116.0,64013.1,64044.6
1785931200,2026-08-05 12:00,64044.7,64575.2,64003.0,64295.4
1785934800,2026-08-05 13:00,64295.3,64387.0,63847.0,64387.0
1785938400,2026-08-05 14:00,64386.9,64548.6,64265.4,64443.3
1785942000,2026-08-05 15:00,64443.4,64728.5,64348.7,64353.6
1785945600,2026-08-05 16:00,64353.6,64740.5,64352.5,64631.9
1785949200,2026-08-05 17:00,64631.8,64780.0,64506.3,64733.6
1785952800,2026-08-05 18:00,64733.6,64810.0,64634.1,64762.8
1785956400,2026-08-05 19:00,64762.7,64898.0,64745.2,64805.7
1785960000,2026-08-05 20:00,64805.8,65022.0,64772.3,64804.2
1785963600,2026-08-05 21:00,64804.2,64804.3,64635.6,64710.1
1785967200,2026-08-05 22:00,64710.1,64766.2,64601.0,64607.0
1785970800,2026-08-05 23:00,64607.0,64721.2,64535.6,64633.9
1785974400,2026-08-06 00:00,64634.0,64696.0,64533.9,64614.8
1785978000,2026-08-06 01:00,64614.8,64634.9,64461.0,64560.0
1785981600,2026-08-06 02:00,64560.1,64627.6,64386.3,64550.6
1785985200,2026-08-06 03:00,64550.7,64551.3,64463.2,64496.2
1785988800,2026-08-06 04:00,64496.3,64702.9,64461.9,64695.9
1785992400,2026-08-06 05:00,64695.8,64971.7,64695.6,64879.5
1785996000,2026-08-06 06:00,64879.6,64879.6,64712.6,64830.5
1785999600,2026-08-06 07:00,64830.5,64944.3,64750.0,64789.4
1786003200,2026-08-06 08:00,64789.3,64971.0,64730.9,64913.9
1786006800,2026-08-06 09:00,64913.9,64917.5,64597.2,64649.1
1786010400,2026-08-06 10:00,64649.1,64656.0,64552.6,64589.2
1786014000,2026-08-06 11:00,64589.3,64629.0,64473.0,64590.1
1786017600,2026-08-06 12:00,64590.1,64614.3,64360.2,64392.4
1786021200,2026-08-06 13:00,64392.4,64501.0,64111.0,64404.8
1786024800,2026-08-06 14:00,64404.8,64825.0,64333.0,64748.2
1786028400,2026-08-06 15:00,64748.2,64962.0,64588.5,64604.2
1786032000,2026-08-06 16:00,64604.2,64745.5,64556.7,64723.2
1786035600,2026-08-06 17:00,64723.3,64807.4,64514.1,64583.1
1786039200,2026-08-06 18:00,64583.1,64589.6,64343.7,64388.8
1786042800,2026-08-06 19:00,64388.8,64445.6,64323.2,64412.8
1786046400,2026-08-06 20:00,64412.8,64510.7,64403.7,64403.7
1786050000,2026-08-06 21:00,64403.7,64490.2,64371.9,64411.8
1786053600,2026-08-06 22:00,64411.9,64419.3,64294.3,64317.8
1786057200,2026-08-06 23:00,64317.7,64333.1,64163.5,64300.0
1786060800,2026-08-07 00:00,64299.9,64387.3,64195.2,64291.9
1786064400,2026-08-07 01:00,64291.9,64450.0,64263.0,64394.8
1786068000,2026-08-07 02:00,64394.7,64524.8,64220.0,64369.5
1786071600,2026-08-07 03:00,64369.4,64380.5,64227.8,64264.0
1786075200,2026-08-07 04:00,64264.0,64340.2,64128.3,64225.8
1786078800,2026-08-07 05:00,64225.8,64370.1,64139.7,64310.6
1786082400,2026-08-07 06:00,64310.7,64441.0,64255.0,64280.1
1786086000,2026-08-07 07:00,64280.2,64405.0,64229.9,64288.9
1786089600,2026-08-07 08:00,64288.8,64646.6,64268.9,64576.4
1786093200,2026-08-07 09:00,64576.3,64939.4,64576.3,64809.0
1786096800,2026-08-07 10:00,64809.1,64888.7,64768.5,64867.3
1786100400,2026-08-07 11:00,64867.4,65187.9,64867.4,64996.1
1786104000,2026-08-07 12:00,64996.2,65358.0,64954.0,65259.1
1786107600,2026-08-07 13:00,65259.0,65305.6,64946.8,64984.8
1786111200,2026-08-07 14:00,64984.9,65250.0,64756.8,64927.3
1786114800,2026-08-07 15:00,64927.3,65117.7,64859.5,64885.4
1786118400,2026-08-07 16:00,64885.5,65050.0,64779.9,64779.9
1786122000,2026-08-07 17:00,64779.9,64805.1,64490.0,64740.3
1786125600,2026-08-07 18:00,64740.2,64857.9,64655.0,64712.1
1786129200,2026-08-07 19:00,64712.1,65000.0,64712.0,64932.9
1786132800,2026-08-07 20:00,64932.9,65015.3,64916.6,64942.1
1786136400,2026-08-07 21:00,64942.2,65078.7,64895.0,64895.3
1786140000,2026-08-07 22:00,64895.3,64919.6,64815.3,64857.3
1786143600,2026-08-07 23:00,64857.3,64885.8,64846.3,64885.4
1786147200,2026-08-08 00:00,64885.5,64927.6,64784.3,64890.3
1786150800,2026-08-08 01:00,64890.3,64927.8,64871.6,64880.6
1786154400,2026-08-08 02:00,64880.6,64931.8,64863.5,64889.5
1786158000,2026-08-08 03:00,64889.5,65046.1,64884.0,65000.0
1786161600,2026-08-08 04:00,65000.0,65040.1,64934.9,64976.5
1786165200,2026-08-08 05:00,64976.5,65000.0,64942.6,64967.0
1786168800,2026-08-08 06:00,64967.1,64991.0,64931.8,64978.2
1786172400,2026-08-08 07:00,64978.3,64983.0,64919.5,64936.3
1786176000,2026-08-08 08:00,64936.3,64988.2,64920.0,64963.2
1786179600,2026-08-08 09:00,64963.1,65026.9,64960.0,64960.1
1786183200,2026-08-08 10:00,64960.0,64996.3,64960.0,64980.6
1786186800,2026-08-08 11:00,64980.6,64995.6,64930.0,64938.5
1786190400,2026-08-08 12:00,64938.4,65024.7,64890.8,64973.8
1786194000,2026-08-08 13:00,64973.8,64994.6,64967.2,64985.4
1786197600,2026-08-08 14:00,64985.4,65163.0,64985.3,65100.0
1786201200,2026-08-08 15:00,65100.1,65123.8,65027.9,65049.3
1786204800,2026-08-08 16:00,65049.4,65088.0,65000.1,65056.1
1786208400,2026-08-08 17:00,65056.1,65123.1,65045.6,65086.2
1786212000,2026-08-08 18:00,65086.2,65094.1,65000.0,65015.3
1786215600,2026-08-08 19:00,65015.3,65089.2,64986.2,65045.5
1786219200,2026-08-08 20:00,65045.5,65059.1,65026.7,65046.9
1786222800,2026-08-08 21:00,65046.9,65046.9,64957.3,64989.8
1786226400,2026-08-08 22:00,64989.8,65012.8,64915.2,64915.2
1786230000,2026-08-08 23:00,64915.2,64954.1,64907.9,64928.5
1786233600,2026-08-09 00:00,64928.6,64957.7,64928.4,64952.9
1786237200,2026-08-09 01:00,64952.9,64982.4,64818.0,64838.4
1786240800,2026-08-09 02:00,64838.4,64838.4,64752.0,64798.0
1786244400,2026-08-09 03:00,64798.0,64798.0,64700.0,64759.0
1786248000,2026-08-09 04:00,64758.9,64806.3,64758.9,64759.8
1786251600,2026-08-09 05:00,64759.7,64777.9,64747.4,64777.9
1786255200,2026-08-09 06:00,64777.8,64835.0,64776.9,64822.9
1786258800,2026-08-09 07:00,64822.9,64827.8,64791.9,64793.6
1786262400,2026-08-09 08:00,64793.7,64911.1,64759.2,64792.5
1786266000,2026-08-09 09:00,64792.5,64850.9,64774.5,64850.9
1786269600,2026-08-09 10:00,64850.9,64948.7,64850.8,64927.4
1786273200,2026-08-09 11:00,64927.5,64978.0,64921.7,64921.8
1786276800,2026-08-09 12:00,64921.7,64928.5,64884.3,64928.5
1786280400,2026-08-09 13:00,64928.4,65245.5,64928.4,65194.9
1786284000,2026-08-09 14:00,65195.0,65279.9,65118.4,65237.3
1786287600,2026-08-09 15:00,65237.4,65240.9,65177.0,65207.7
1786291200,2026-08-09 16:00,65207.8,65243.1,65147.2,65204.6
1786294800,2026-08-09 17:00,65204.6,65212.8,65165.9,65170.0
1786298400,2026-08-09 18:00,65169.9,65200.0,65161.2,65167.1
1786302000,2026-08-09 19:00,65167.1,65188.6,65147.6,65153.2
1786305600,2026-08-09 20:00,65153.2,65161.4,65043.5,65114.1
1786309200,2026-08-09 21:00,65114.0,65229.9,65091.2,65165.0
1786312800,2026-08-09 22:00,65165.1,65482.7,64936.2,65046.3
1786316400,2026-08-09 23:00,65046.2,65080.3,64805.1,64867.8
1786320000,2026-08-10 00:00,64867.8,65300.0,64794.4,64945.3
1786323600,2026-08-10 01:00,64945.3,65373.6,64864.0,65172.9
1786327200,2026-08-10 02:00,65172.9,65193.3,64871.0,65077.7
1786330800,2026-08-10 03:00,65077.7,65150.0,64875.0,64946.4
1786334400,2026-08-10 04:00,64946.4,65076.4,64892.1,64980.6
1786338000,2026-08-10 05:00,64980.4,65142.1,64952.3,65117.1
1786341600,2026-08-10 06:00,65117.2,65313.2,65104.1,65273.2
1786345200,2026-08-10 07:00,65273.1,65348.4,65173.1,65183.0
1786348800,2026-08-10 08:00,65183.0,65306.9,65160.2,65220.6
1786352400,2026-08-10 09:00,65220.6,65220.7,64928.0,64941.1
1786356000,2026-08-10 10:00,64941.0,65053.3,64939.5,64988.7
1786359600,2026-08-10 11:00,64988.8,65108.4,64950.0,65097.6
1786363200,2026-08-10 12:00,65097.5,65221.2,64812.6,64838.3
1786366800,2026-08-10 13:00,64838.3,64942.5,64482.1,64533.7
1786370400,2026-08-10 14:00,64533.6,64856.7,64510.0,64594.5
1786374000,2026-08-10 15:00,64594.6,64691.2,64171.8,64268.8
1786377600,2026-08-10 16:00,64268.7,64330.0,63808.9,63888.6
1786381200,2026-08-10 17:00,63888.7,64009.0,63810.0,63932.7
1786384800,2026-08-10 18:00,63932.6,64005.4,63788.0,63866.4
1786388400,2026-08-10 19:00,63866.3,64072.8,63859.9,64017.2
1786392000,2026-08-10 20:00,64017.2,64189.3,63989.5,64129.6
1786395600,2026-08-10 21:00,64129.7,64129.7,63946.8,63949.0
1786399200,2026-08-10 22:00,63949.0,64027.4,63908.0,63987.5
1786402800,2026-08-10 23:00,63987.5,63992.1,63881.6,63939.3
1786406400,2026-08-11 00:00,63939.3,64032.6,63863.9,64006.1
1786410000,2026-08-11 01:00,64006.1,64048.2,63923.9,64026.6
1786413600,2026-08-11 02:00,64026.6,64054.0,63999.9,64012.9
1786417200,2026-08-11 03:00,64012.8,64148.0,64012.8,64110.7
1786420800,2026-08-11 04:00,64110.7,64124.2,63997.0,63997.0
1786424400,2026-08-11 05:00,63997.0,64023.4,63929.2,63965.0
1786428000,2026-08-11 06:00,63965.0,64021.8,63820.0,63940.0
1786431600,2026-08-11 07:00,63940.0,64077.0,63876.4,64031.7
1786435200,2026-08-11 08:00,64031.8,64124.8,64010.4,64109.8
1786438800,2026-08-11 09:00,64109.7,64281.0,64106.0,64281.0
1786442400,2026-08-11 10:00,64280.9,64290.1,64172.0,64205.3
1786446000,2026-08-11 11:00,64205.3,64380.0,64205.3,64358.3
1786449600,2026-08-11 12:00,64358.4,64470.0,64259.1,64303.2
1786453200,2026-08-11 13:00,64303.1,64345.9,64020.2,64174.4
1786456800,2026-08-11 14:00,64174.4,64240.0,63680.0,63747.0
1786460400,2026-08-11 15:00,63747.0,63845.7,63420.0,63585.3
1786464000,2026-08-11 16:00,63585.3,63637.5,63436.5,63488.5
1786467600,2026-08-11 17:00,63488.5,63615.5,63432.3,63580.1
1786471200,2026-08-11 18:00,63580.2,63609.1,63222.0,63352.5
1786474800,2026-08-11 19:00,63352.5,63513.9,63211.6,63508.5
1786478400,2026-08-11 20:00,63508.5,63732.7,63508.5,63720.8
1786482000,2026-08-11 21:00,63720.8,63757.5,63590.7,63641.5
1786485600,2026-08-11 22:00,63641.6,63746.4,63601.2,63641.6
1786489200,2026-08-11 23:00,63641.7,63641.7,63527.3,63572.0
1786492800,2026-08-12 00:00,63571.9,63722.4,63505.3,63717.2
1786496400,2026-08-12 01:00,63717.2,63828.7,63665.2,63796.0
1786500000,2026-08-12 02:00,63796.0,63886.0,63701.2,63722.6
1786503600,2026-08-12 03:00,63722.5,63819.2,63678.4,63800.1
1786507200,2026-08-12 04:00,63800.1,63863.6,63706.4,63747.2
1786510800,2026-08-12 05:00,63747.2,63846.3,63698.2,63811.4
1786514400,2026-08-12 06:00,63811.3,63811.3,63574.6,63688.0
1786518000,2026-08-12 07:00,63687.9,63812.5,63603.4,63804.8
1786521600,2026-08-12 08:00,63804.8,63844.0,63741.1,63769.9
1786525200,2026-08-12 09:00,63770.0,64077.0,63735.4,64077.0
1786528800,2026-08-12 10:00,64076.9,64191.8,64026.5,64111.4
1786532400,2026-08-12 11:00,64111.4,64222.2,64080.0,64207.3
1786536000,2026-08-12 12:00,64207.3,64450.0,63939.1,64090.0
1786539600,2026-08-12 13:00,64089.9,64131.4,63799.0,63805.9
1786543200,2026-08-12 14:00,63806.0,63911.9,63334.4,63344.4
1786546800,2026-08-12 15:00,63344.3,63551.9,63291.1,63421.4
1786550400,2026-08-12 16:00,63421.3,63557.5,63338.9,63462.3
1786554000,2026-08-12 17:00,63462.3,63528.2,63388.8,63450.1
1786557600,2026-08-12 18:00,63450.0,63507.0,63350.0,63360.0
1786561200,2026-08-12 19:00,63360.0,63441.0,63283.0,63394.9
1786564800,2026-08-12 20:00,63394.8,63573.5,63392.5,63573.5
1786568400,2026-08-12 21:00,63573.5,63629.8,63389.9,63441.4
1786572000,2026-08-12 22:00,63441.4,63508.0,63337.5,63405.9
1786575600,2026-08-12 23:00,63405.8,63466.0,63350.0,63454.7
1786579200,2026-08-13 00:00,63454.6,63694.9,63437.0,63530.1
1786582800,2026-08-13 01:00,63530.0,63611.4,63355.1,63428.8
1786586400,2026-08-13 02:00,63428.9,63553.7,63343.8,63522.4
1786590000,2026-08-13 03:00,63522.4,63670.1,63474.0,63623.5
1786593600,2026-08-13 04:00,63623.5,63763.6,63564.9,63672.9
1786597200,2026-08-13 05:00,63672.9,63990.7,63647.6,63844.4
1786600800,2026-08-13 06:00,63844.4,63914.6,63725.2,63914.5
1786604400,2026-08-13 07:00,63914.5,63916.6,63824.2,63833.0
1786608000,2026-08-13 08:00,63833.0,63881.3,63710.6,63743.8
1786611600,2026-08-13 09:00,63743.7,63768.0,63559.9,63757.0
1786615200,2026-08-13 10:00,63757.1,63800.0,63536.0,63628.9
1786618800,2026-08-13 11:00,63628.8,63637.8,63318.1,63458.5
1786622400,2026-08-13 12:00,63458.6,63697.7,63414.4,63669.2
1786626000,2026-08-13 13:00,63669.2,63828.0,63534.0,63699.9
1786629600,2026-08-13 14:00,63700.0,63980.6,63655.0,63835.6
1786633200,2026-08-13 15:00,63835.7,63920.0,63385.0,63385.0
1786636800,2026-08-13 16:00,63385.1,63544.0,62800.0,63139.0
1786640400,2026-08-13 17:00,63138.9,63276.4,63047.6,63121.4
1786644000,2026-08-13 18:00,63121.5,63348.0,63088.0,63284.7
1786647600,2026-08-13 19:00,63284.7,63488.0,63284.7,63387.4
1786651200,2026-08-13 20:00,63387.3,63447.0,63343.4,63385.6
1786654800,2026-08-13 21:00,63385.6,63477.4,63360.9,63444.7
1786658400,2026-08-13 22:00,63444.7,63613.6,63444.6,63497.7
1786662000,2026-08-13 23:00,63497.6,63512.8,63366.6,63456.7
1786665600,2026-08-14 00:00,63456.7,63534.0,63378.1,63517.6
1786669200,2026-08-14 01:00,63517.6,63567.8,63428.9,63545.5
1786672800,2026-08-14 02:00,63545.4,63595.1,63437.1,63437.1
1786676400,2026-08-14 03:00,63437.1,63556.1,63277.1,63288.1
1786680000,2026-08-14 04:00,63288.0,63449.6,63243.2,63349.9
1786683600,2026-08-14 05:00,63350.0,63375.6,63256.7,63357.8
1786687200,2026-08-14 06:00,63357.8,63357.8,62900.2,62944.6
1786690800,2026-08-14 07:00,62944.6,63079.1,62888.0,62888.1
1786694400,2026-08-14 08:00,62888.0,62974.4,62658.8,62904.9
1786698000,2026-08-14 09:00,62904.9,62904.9,62709.3,62763.9
1786701600,2026-08-14 10:00,62763.9,62912.4,62712.0,62787.7
1786705200,2026-08-14 11:00,62787.7,62906.2,62779.3,62837.4
1786708800,2026-08-14 12:00,62837.5,62885.3,62688.1,62706.0
1786712400,2026-08-14 13:00,62706.1,62794.8,62555.5,62639.6
1786716000,2026-08-14 14:00,62639.8,62774.9,62484.2,62581.0
1786719600,2026-08-14 15:00,62581.0,63061.7,62576.5,62956.0
1786723200,2026-08-14 16:00,62956.0,63194.4,62933.7,63105.8
1786726800,2026-08-14 17:00,63105.9,63215.3,62965.0,62988.4
1786730400,2026-08-14 18:00,62988.4,63050.0,62857.9,62900.0
1786734000,2026-08-14 19:00,62899.9,62968.0,62781.4,62936.3
1786737600,2026-08-14 20:00,62936.4,62995.1,62864.6,62878.5
1786741200,2026-08-14 21:00,62878.5,62912.2,62846.7,62897.6
1786744800,2026-08-14 22:00,62897.7,62936.7,62770.9,62856.8
1786748400,2026-08-14 23:00,62856.9,63040.3,62838.4,63015.0
1786752000,2026-08-15 00:00,63014.9,63039.0,62964.4,62991.7
1786755600,2026-08-15 01:00,62991.7,63015.0,62966.7,63010.7
1786759200,2026-08-15 02:00,63010.8,63114.0,63007.5,63113.6
1786762800,2026-08-15 03:00,63113.6,63170.0,63014.0,63030.3
1786766400,2026-08-15 04:00,63030.3,63127.5,63030.3,63092.5
1786770000,2026-08-15 05:00,63092.5,63127.5,63013.4,63055.4
1786773600,2026-08-15 06:00,63055.5,63108.3,63003.8,63087.3
1786777200,2026-08-15 07:00,63087.2,63104.3,63011.0,63049.8
1786780800,2026-08-15 08:00,63049.9,63058.4,62902.0,62908.5
1786784400,2026-08-15 09:00,62908.6,63019.9,62890.2,62999.1
1786788000,2026-08-15 10:00,62999.2,63025.4,62971.9,63015.6
1786791600,2026-08-15 11:00,63015.7,63031.4,62967.9,62993.1
1786795200,2026-08-15 12:00,62993.0,63030.4,62920.9,63028.8
1786798800,2026-08-15 13:00,63028.8,63058.2,62992.2,63031.3
1786802400,2026-08-15 14:00,63031.2,63031.3,62961.9,63011.7
1786806000,2026-08-15 15:00,63011.7,63096.7,62997.9,63068.0
1786809600,2026-08-15 16:00,63068.1,63097.3,63032.7,63066.3
1786813200,2026-08-15 17:00,63066.3,63077.8,63032.1,63043.5
1786816800,2026-08-15 18:00,63043.4,63083.0,63011.6,63026.3
1786820400,2026-08-15 19:00,63026.3,63093.6,63026.2,63093.6
1786824000,2026-08-15 20:00,63093.6,63093.6,63040.1,63077.1
1786827600,2026-08-15 21:00,63077.0,63138.7,63068.9,63123.7
1786831200,2026-08-15 22:00,63123.8,63141.6,63096.6,63100.7
1786834800,2026-08-15 23:00,63100.7,63110.3,63049.9,63053.9
1786838400,2026-08-16 00:00,63053.9,63057.4,63032.9,63051.1
1786842000,2026-08-16 01:00,63051.0,63052.4,62975.9,63051.3
1786845600,2026-08-16 02:00,63051.3,63132.2,62988.9,63092.3
1786849200,2026-08-16 03:00,63092.4,63103.1,63080.0,63096.6
1786852800,2026-08-16 04:00,63096.5,63122.7,63056.6,63056.7
1786856400,2026-08-16 05:00,63056.6,63068.4,63007.1,63027.7
1786860000,2026-08-16 06:00,63027.7,63056.1,63009.2,63036.5
1786863600,2026-08-16 07:00,63036.5,63036.6,63024.0,63034.3
1786867200,2026-08-16 08:00,63034.4,63045.1,63030.1,63039.5
1786870800,2026-08-16 09:00,63039.6,63039.6,62936.0,62957.0
1786874400,2026-08-16 10:00,62957.0,62982.1,62928.5,62979.2
1786878000,2026-08-16 11:00,62979.2,62981.1,62945.9,62981.1
1786881600,2026-08-16 12:00,62981.1,63000.0,62959.1,62986.4
1786885200,2026-08-16 13:00,62986.4,63040.9,62986.3,63036.1
1786888800,2026-08-16 14:00,63036.1,63078.6,63031.9,63078.5
1786892400,2026-08-16 15:00,63078.6,63113.8,63077.7,63113.8
1786896000,2026-08-16 16:00,63113.8,63370.0,63108.4,63232.7
1786899600,2026-08-16 17:00,63232.7,63247.2,63087.3,63130.7
1786903200,2026-08-16 18:00,63130.6,63148.0,63092.0,63111.3
1786906800,2026-08-16 19:00,63111.4,63201.7,63063.6,63082.2
1786910400,2026-08-16 20:00,63082.3,63117.1,62988.3,63041.0
1786914000,2026-08-16 21:00,63041.0,63067.3,62700.1,62900.0
1786917600,2026-08-16 22:00,62900.1,62930.0,62681.1,62885.0
1786921200,2026-08-16 23:00,62885.0,62967.0,62803.7,62876.0
1786924800,2026-08-17 00:00,62876.0,62936.6,62723.9,62887.3
1786928400,2026-08-17 01:00,62887.3,63230.0,62867.2,63084.0
1786932000,2026-08-17 02:00,63084.1,63482.0,63008.2,63382.7
1786935600,2026-08-17 03:00,63382.8,63498.0,63314.7,63409.8
1786939200,2026-08-17 04:00,63409.7,63564.3,63409.7,63512.3
1786942800,2026-08-17 05:00,63512.3,63572.6,63414.4,63488.0
1786946400,2026-08-17 06:00,63488.1,63693.2,63447.8,63633.1
1786950000,2026-08-17 07:00,63633.2,63636.3,63492.5,63493.5
1786953600,2026-08-17 08:00,63493.5,63524.9,63320.2,63350.1
1786957200,2026-08-17 09:00,63350.1,63405.7,63255.0,63290.1
1786960800,2026-08-17 10:00,63290.1,63671.2,63265.3,63661.9
1786964400,2026-08-17 11:00,63661.8,63753.0,63554.0,63600.0
1786968000,2026-08-17 12:00,63600.0,63655.7,63502.4,63526.6
1786971600,2026-08-17 13:00,63526.6,63776.0,63412.5,63647.0
1786975200,2026-08-17 14:00,63646.9,63880.0,63561.3,63871.7
1786978800,2026-08-17 15:00,63871.8,64199.9,63779.3,64169.9
1786982400,2026-08-17 16:00,64169.8,64185.6,64022.3,64082.1
1786986000,2026-08-17 17:00,64082.2,64388.0,63944.3,64293.1
1786989600,2026-08-17 18:00,64293.2,64600.8,64243.7,64402.7
1786993200,2026-08-17 19:00,64402.8,64402.8,64258.3,64280.4
1786996800,2026-08-17 20:00,64280.4,64414.3,64231.3,64360.7
1787000400,2026-08-17 21:00,64360.7,64405.5,64269.8,64350.3
1787004000,2026-08-17 22:00,64350.2,64390.0,64247.8,64267.7
1787007600,2026-08-17 23:00,64267.6,64555.4,64261.1,64504.1
1787011200,2026-08-18 00:00,64504.1,64541.6,64330.0,64357.4
1787014800,2026-08-18 01:00,64357.4,64361.0,64116.7,64174.9
1787018400,2026-08-18 02:00,64174.9,64246.0,64000.0,64074.0
1787022000,2026-08-18 03:00,64074.0,64156.7,64005.5,64147.4
1787025600,2026-08-18 04:00,64147.5,64215.6,64055.0,64184.5
1787029200,2026-08-18 05:00,64184.5,64245.6,64107.0,64202.7
1787032800,2026-08-18 06:00,64202.7,64425.0,64130.0,64297.9
1787036400,2026-08-18 07:00,64297.9,64329.8,64135.9,64170.9
1787040000,2026-08-18 08:00,64170.8,64310.0,64056.4,64264.5
1787043600,2026-08-18 09:00,64264.4,64264.4,64106.6,64140.5
1787047200,2026-08-18 10:00,64140.5,64194.6,64100.1,64171.7
1787050800,2026-08-18 11:00,64171.6,64380.0,64161.4,64326.0
1787054400,2026-08-18 12:00,64326.1,64328.2,64170.2,64194.5
1787058000,2026-08-18 13:00,64194.6,64262.5,63979.2,64187.5
1787061600,2026-08-18 14:00,64187.6,65057.9,64187.5,64683.6
1787065200,2026-08-18 15:00,64683.5,64861.0,64615.0,64823.9
1787068800,2026-08-18 16:00,64823.9,64861.7,64642.5,64804.7
1787072400,2026-08-18 17:00,64804.7,64804.8,64634.3,64634.3
1787076000,2026-08-18 18:00,64634.4,64793.8,64621.9,64744.7
1787079600,2026-08-18 19:00,64744.7,64773.5,64611.3,64619.7
1787083200,2026-08-18 20:00,64619.8,64631.0,64528.9,64547.5
1787086800,2026-08-18 21:00,64547.4,64628.2,64532.7,64576.0
1787090400,2026-08-18 22:00,64576.0,64621.8,64528.4,64607.0
1787094000,2026-08-18 23:00,64607.0,64755.5,64598.7,64694.0
1787097600,2026-08-19 00:00,64694.1,64705.7,64451.1,64459.4
1787101200,2026-08-19 01:00,64459.3,64523.2,64354.1,64371.6
1787104800,2026-08-19 02:00,64371.6,64389.1,64315.0,64322.1
1787108400,2026-08-19 03:00,64322.1,64390.4,64252.0,64296.3
1787112000,2026-08-19 04:00,64296.3,64367.8,64262.3,64285.4
1787115600,2026-08-19 05:00,64285.4,64382.2,64204.6,64209.1
1787119200,2026-08-19 06:00,64209.2,64321.3,64131.3,64315.1
1787122800,2026-08-19 07:00,64315.1,64377.5,64244.0,64266.1
1787126400,2026-08-19 08:00,64266.0,64482.5,64219.6,64385.0
1787130000,2026-08-19 09:00,64385.1,64446.4,64323.2,64395.3
1787133600,2026-08-19 10:00,64395.4,64431.0,64333.4,64428.7
1787137200,2026-08-19 11:00,64423.9,64509.7,64417.3,64479.0
1787140800,2026-08-19 12:00,64479.1,64961.9,64440.0,64857.3
1787144400,2026-08-19 13:00,64857.3,65190.0,64757.6,64984.1
1787148000,2026-08-19 14:00,64984.1,65950.0,64984.1,65895.6
1787151600,2026-08-19 15:00,65895.5,70450.0,65863.2,68529.7
1787155200,2026-08-19 16:00,68523.6,68998.0,68373.0,68430.6
1787158800,2026-08-19 17:00,68430.7,68512.3,67803.6,68170.6
1787162400,2026-08-19 18:00,68170.5,68430.1,68010.2,68360.7
1787166000,2026-08-19 19:00,68360.8,68460.4,68070.4,68395.0
1787169600,2026-08-19 20:00,68404.1,69591.0,68356.9,69019.7
1787173200,2026-08-19 21:00,69016.0,70048.2,68946.7,69685.2
1787176800,2026-08-19 22:00,69685.2,69813.3,68950.3,69227.1
1787180400,2026-08-19 23:00,69227.1,69439.6,69130.4,69313.9
1787184000,2026-08-20 00:00,69310.1,69765.5,69286.7,69389.1
1787187600,2026-08-20 01:00,69389.2,69867.9,69245.9,69691.4
1787191200,2026-08-20 02:00,69691.5,69800.0,69247.5,69284.6
1787194800,2026-08-20 03:00,69284.6,69342.5,68882.1,69183.6
1787198400,2026-08-20 04:00,69183.5,69622.0,69155.0,69480.1
1787202000,2026-08-20 05:00,69480.0,69657.7,69350.0,69408.3
1787205600,2026-08-20 06:00,69408.4,69921.9,69330.3,69838.8
1787209200,2026-08-20 07:00,69838.8,69999.0,69482.0,69815.9
1787212800,2026-08-20 08:00,69815.9,71799.6,69771.8,71565.2
1787216400,2026-08-20 09:00,71560.5,72081.7,71449.3,71781.4
1787220000,2026-08-20 10:00,71781.2,72487.5,71690.0,71978.1
1787223600,2026-08-20 11:00,71978.1,72300.1,71783.5,71896.2
1787227200,2026-08-20 12:00,71896.2,71990.8,71435.6,71930.0
1787230800,2026-08-20 13:00,71930.1,72099.0,71100.0,71652.2
1787234400,2026-08-20 14:00,71663.7,71967.7,71309.4,71793.0
1787238000,2026-08-20 15:00,71793.0,72849.9,71760.1,72431.7
1787241600,2026-08-20 16:00,72429.1,72887.9,72159.8,72799.1
1787245200,2026-08-20 17:00,72806.0,72945.3,72482.9,72700.1
1787248800,2026-08-20 18:00,72694.5,72780.0,72352.3,72398.5
1787252400,2026-08-20 19:00,72398.4,72748.1,72280.1,72611.2
1787256000,2026-08-20 20:00,72649.8,73106.9,72554.0,72638.5
1787259600,2026-08-20 21:00,72638.5,72819.2,72514.8,72706.9
1787263200,2026-08-20 22:00,72706.9,72854.3,72458.7,72648.4
1787266800,2026-08-20 23:00,72648.4,73399.7,72625.0,72992.0
1787270400,2026-08-21 00:00,72998.8,73985.8,72992.4,73682.1
1787274000,2026-08-21 01:00,73682.1,75767.5,73635.1,75108.0
1787277600,2026-08-21 02:00,75103.2,75175.0,74347.0,74410.7
1787281200,2026-08-21 03:00,74410.7,74847.3,74214.4,74482.9
1787284800,2026-08-21 04:00,74482.8,75000.0,74482.8,74990.4
1787288400,2026-08-21 05:00,74990.4,75472.0,74871.6,75433.0
1787292000,2026-08-21 06:00,75433.1,75720.8,75066.0,75613.4
1787295600,2026-08-21 07:00,75613.3,76900.0,75577.0,76322.1
1787299200,2026-08-21 08:00,76310.3,79555.5,76253.2,79268.9
1787302800,2026-08-21 09:00,79268.9,79372.8,77255.0,77900.5
1787306400,2026-08-21 10:00,77900.5,78243.5,77600.9,77803.3
1787310000,2026-08-21 11:00,77803.2,77858.0,76393.1,76748.9
1787313600,2026-08-21 12:00,76748.9,77487.2,76537.8,77228.1
1787317200,2026-08-21 13:00,77228.1,77721.9,76237.0,77250.6
1787320800,2026-08-21 14:00,77244.4,77450.0,76538.9,77395.3
1787324400,2026-08-21 15:00,77387.7,77871.6,77157.3,77217.4
1787328000,2026-08-21 16:00,77219.7,77549.0,76757.0,77477.3
1787331600,2026-08-21 17:00,77462.3,77711.1,77162.8,77381.7
1787335200,2026-08-21 18:00,77381.7,77543.8,76576.4,77115.4
1787338800,2026-08-21 19:00,77115.4,77328.6,76817.6,76996.3
1787342400,2026-08-21 20:00,76995.4,77517.4,76815.6,77480.0
1787346000,2026-08-21 21:00,77480.0,78666.0,77345.9,78491.5
1787349600,2026-08-21 22:00,78491.4,78748.8,78061.6,78431.4
1787353200,2026-08-21 23:00,78436.8,78705.8,78093.3,78309.0
1787356800,2026-08-22 00:00,78309.1,78486.6,77649.7,77921.6
1787360400,2026-08-22 01:00,77921.6,78223.1,77780.9,77807.6
1787364000,2026-08-22 02:00,77807.6,78549.9,77763.0,78467.9
1787367600,2026-08-22 03:00,78467.9,78831.8,78344.3,78395.0
1787371200,2026-08-22 04:00,78395.0,78815.2,78183.1,78453.5
1787374800,2026-08-22 05:00,78453.2,78589.9,76510.0,77371.6
1787378400,2026-08-22 06:00,77371.5,77564.1,76963.5,77476.7
1787382000,2026-08-22 07:00,77476.6,77675.0,77201.4,77286.7
1787385600,2026-08-22 08:00,77286.8,77430.0,77012.9,77193.4
1787389200,2026-08-22 09:00,77193.5,77385.0,76816.4,77047.5
1787392800,2026-08-22 10:00,77047.6,77194.8,76512.9,76975.7
1787396400,2026-08-22 11:00,76975.7,77224.9,76815.6,77137.8
1787400000,2026-08-22 12:00,77137.9,77390.0,77081.7,77295.6
1787403600,2026-08-22 13:00,77295.6,77381.1,77104.7,77290.6
1787407200,2026-08-22 14:00,77290.6,77322.0,76936.1,77018.6
1787410800,2026-08-22 15:00,77018.6,77118.3,76888.0,76995.6
1787414400,2026-08-22 16:00,76995.6,77590.6,76969.4,77299.1
1787418000,2026-08-22 17:00,77299.1,77394.9,77081.1,77289.2
1787421600,2026-08-22 18:00,77289.1,77370.9,77139.8,77276.5
1787425200,2026-08-22 19:00,77276.5,77484.3,77209.4,77422.3
1787428800,2026-08-22 20:00,77422.3,77498.0,77267.6,77330.3
1787432400,2026-08-22 21:00,77330.3,77330.3,76818.1,76847.1
1787436000,2026-08-22 22:00,76862.8,77173.0,76772.0,77000.9
1787439600,2026-08-22 23:00,77000.9,77146.1,76905.3,77084.4
1787443200,2026-08-23 00:00,77084.5,77377.4,77058.9,77306.0
1787446800,2026-08-23 01:00,77308.1,77423.8,77169.5,77202.1
1787450400,2026-08-23 02:00,77202.1,77227.6,77015.8,77080.5
1787454000,2026-08-23 03:00,77080.6,77158.3,76842.1,76941.1
1787457600,2026-08-23 04:00,76941.2,77046.8,76425.4,76610.7
1787461200,2026-08-23 05:00,76610.7,76747.7,75588.0,76064.9
1787464800,2026-08-23 06:00,76065.0,76380.2,75870.0,76110.3
1787468400,2026-08-23 07:00,76110.3,76368.8,75900.0,76016.0
1787472000,2026-08-23 08:00,76020.2,76694.3,75966.7,76486.4
1787475600,2026-08-23 09:00,76486.5,76656.6,76470.0,76542.6
1787479200,2026-08-23 10:00,76540.3,76940.1,76535.5,76784.5
1787482800,2026-08-23 11:00,76784.4,77400.0,76738.0,77296.1
1787486400,2026-08-23 12:00,77296.1,77300.0,77003.8,77203.0
1787490000,2026-08-23 13:00,77203.0,77771.6,77189.8,77471.8
1787493600,2026-08-23 14:00,77471.7,77636.3,76762.1,77174.1
1787497200,2026-08-23 15:00,77174.2,77317.0,76900.0,77124.0
1787500800,2026-08-23 16:00,77124.0,77450.0,77124.0,77389.1
1787504400,2026-08-23 17:00,77389.0,77420.0,77115.8,77162.8
1787508000,2026-08-23 18:00,77158.2,77381.5,77075.1,77309.7
1787511600,2026-08-23 19:00,77317.7,77467.8,77217.2,77305.1
1787515200,2026-08-23 20:00,77305.0,77438.5,77167.3,77376.7
1787518800,2026-08-23 21:00,77376.7,78057.6,77376.7,77808.7
1787522400,2026-08-23 22:00,77808.7,77960.6,77535.3,77578.4
1787526000,2026-08-23 23:00,77578.4,77803.0,77252.5,77719.0
1787529600,2026-08-24 00:00,77719.0,77728.4,77104.8,77668.6
1787533200,2026-08-24 01:00,77674.1,77715.9,76888.0,76893.0
1787536800,2026-08-24 02:00,76892.9,77542.2,76857.1,77461.6
1787540400,2026-08-24 03:00,77461.6,77516.7,76916.1,76925.2
1787544000,2026-08-24 04:00,76925.2,77249.0,76649.0,76890.0
1787547600,2026-08-24 05:00,76889.9,77230.2,76829.3,77139.3
1787551200,2026-08-24 06:00,77139.3,77520.0,77053.5,77455.6
1787554800,2026-08-24 07:00,77497.9,77789.7,77272.7,77314.8
1787558400,2026-08-24 08:00,77301.8,77402.0,76802.9,77032.9
1787562000,2026-08-24 09:00,77032.9,77598.1,77012.7,77546.3
1787565600,2026-08-24 10:00,77546.3,78016.6,77525.5,77614.3
1787569200,2026-08-24 11:00,77614.3,78594.2,77434.8,78434.3
1787572800,2026-08-24 12:00,78429.4,79324.2,77950.0,79146.4
1787576400,2026-08-24 13:00,79146.3,79440.8,77800.0,78565.3
1787580000,2026-08-24 14:00,78565.3,79810.8,78556.8,79481.0
1787583600,2026-08-24 15:00,79481.1,79974.8,78777.8,79069.3
1787587200,2026-08-24 16:00,79069.2,79839.8,78839.0,79017.5
1787590800,2026-08-24 17:00,79022.0,79161.0,78410.0,78727.7
1787594400,2026-08-24 18:00,78726.3,79053.0,78680.0,78902.1
1787598000,2026-08-24 19:00,78902.0,79089.1,78520.6,78715.1
1787601600,2026-08-24 20:00,78715.1,78961.4,78520.3,78906.2
1787605200,2026-08-24 21:00,78906.2,79012.6,78810.7,78944.3
1787608800,2026-08-24 22:00,78944.2,78958.4,78619.2,78703.9
1787612400,2026-08-24 23:00,78703.9,78971.0,78579.7,78953.0
1787616000,2026-08-25 00:00,78952.9,79859.3,78675.7,79703.2
1787619600,2026-08-25 01:00,79703.1,79958.0,79439.3,79806.0
1787623200,2026-08-25 02:00,79806.1,81270.5,79710.0,80630.4
1787626800,2026-08-25 03:00,80630.4,80932.0,80286.0,80457.7
1787630400,2026-08-25 04:00,80457.6,80588.6,80128.0,80348.9
1787634000,2026-08-25 05:00,80348.8,80800.0,80301.9,80709.8
1787637600,2026-08-25 06:00,80709.8,80912.0,80383.4,80549.0
1787641200,2026-08-25 07:00,80548.9,80789.0,79288.5,79698.4
1787644800,2026-08-25 08:00,79661.6,80196.1,79580.0,79899.0
1787648400,2026-08-25 09:00,79899.0,79930.0,78827.3,79160.9
1787652000,2026-08-25 10:00,79161.0,79452.7,78958.0,79275.8
1787655600,2026-08-25 11:00,79275.8,79460.8,79003.5,79097.0
1787659200,2026-08-25 12:00,79097.0,79153.4,78600.0,78949.9
1787662800,2026-08-25 13:00,78950.0,79194.9,78100.1,78614.6
1787666400,2026-08-25 14:00,78627.7,79359.2,78505.7,79216.2
1787670000,2026-08-25 15:00,79211.4,79499.9,78978.1,79463.0
1787673600,2026-08-25 16:00,79463.1,79539.9,79035.4,79121.4
1787677200,2026-08-25 17:00,79121.5,79230.2,78709.7,79203.3
1787680800,2026-08-25 18:00,79203.3,79368.4,79009.7,79090.8
1787684400,2026-08-25 19:00,79090.8,79200.0,78677.2,78890.6
1787688000,2026-08-25 20:00,78890.6,78945.5,78130.1,78157.8
1787691600,2026-08-25 21:00,78168.8,78635.2,77808.1,78536.7
1787695200,2026-08-25 22:00,78535.9,78980.0,78535.9,78850.0
1787698800,2026-08-25 23:00,78850.0,78948.8,78351.0,78505.5
1787702400,2026-08-26 00:00,78505.5,78683.1,78252.8,78592.7
1787706000,2026-08-26 01:00,78592.7,78927.0,78562.0,78780.9
1787709600,2026-08-26 02:00,78780.9,79200.0,78698.6,79070.1
1787713200,2026-08-26 03:00,79070.1,79150.3,78852.1,79049.0
1787716800,2026-08-26 04:00,79049.0,79149.2,78750.0,78792.2
1787720400,2026-08-26 05:00,78792.1,79105.0,78600.0,79052.6
1787724000,2026-08-26 06:00,79052.6,79180.2,78774.4,78908.9
1787727600,2026-08-26 07:00,78908.9,79065.1,78824.4,78887.0
1787731200,2026-08-26 08:00,78887.1,79087.9,78570.3,78677.0
1787734800,2026-08-26 09:00,78677.1,78850.0,78208.0,78420.6
1787738400,2026-08-26 10:00,78415.2,78858.1,78260.6,78688.5
1787742000,2026-08-26 11:00,78688.6,78750.0,78274.1,78450.0
1787745600,2026-08-26 12:00,78442.7,78679.2,77906.4,78280.5
1787749200,2026-08-26 13:00,78280.4,78518.7,77850.0,78406.9
1787752800,2026-08-26 14:00,78406.9,78560.0,77722.5,77757.6
1787756400,2026-08-26 15:00,77764.5,78142.0,77600.0,77980.7
1787760000,2026-08-26 16:00,77980.7,78138.0,77812.6,77961.2
1787763600,2026-08-26 17:00,77961.2,78583.7,77961.2,78404.0
1787767200,2026-08-26 18:00,78404.0,78641.3,78244.2,78440.2
1787770800,2026-08-26 19:00,78440.1,78551.4,78252.1,78442.9
1787774400,2026-08-26 20:00,78434.9,78492.3,78156.5,78418.2
1787778000,2026-08-26 21:00,78418.2,78800.0,78347.8,78682.9
1787781600,2026-08-26 22:00,78682.9,78945.0,78513.7,78656.6
1787785200,2026-08-26 23:00,78656.6,79138.7,78607.3,78989.5
1787788800,2026-08-27 00:00,78989.3,78999.4,78649.9,78650.1
1787792400,2026-08-27 01:00,78650.0,78989.0,78522.1,78864.6
1787796000,2026-08-27 02:00,78864.6,78951.0,78666.1,78697.1
1787799600,2026-08-27 03:00,78697.2,78967.0,78605.5,78801.8
1787803200,2026-08-27 04:00,78801.8,78874.0,78651.0,78746.1
1787806800,2026-08-27 05:00,78746.0,78904.7,78566.5,78888.1
1787810400,2026-08-27 06:00,78888.1,78888.1,78575.6,78795.6
1787814000,2026-08-27 07:00,78795.6,79074.0,78720.0,79054.3
1787817600,2026-08-27 08:00,79054.3,79992.5,79015.0,79722.8
1787821200,2026-08-27 09:00,79722.7,80499.9,79640.7,79957.8
1787824800,2026-08-27 10:00,79957.8,80128.8,79300.0,79599.0
1787828400,2026-08-27 11:00,79599.5,79739.1,79131.8,79440.1
1787832000,2026-08-27 12:00,79440.1,79558.9,79226.0,79247.3
1787835600,2026-08-27 13:00,79247.4,79539.8,78864.0,79499.9
1787839200,2026-08-27 14:00,79492.9,80350.0,79308.0,80161.3
1787842800,2026-08-27 15:00,80161.3,80766.8,80048.0,80273.6
1787846400,2026-08-27 16:00,80273.7,80607.3,80163.0,80335.9
1787850000,2026-08-27 17:00,80335.9,80845.1,80200.0,80415.0
1787853600,2026-08-27 18:00,80415.0,80415.1,79707.0,80122.2
1787857200,2026-08-27 19:00,80120.1,80252.0,79800.0,79877.9
1787860800,2026-08-27 20:00,79878.0,80090.9,79843.3,80066.2
1787864400,2026-08-27 21:00,80066.3,80150.0,79936.4,80149.9
1787868000,2026-08-27 22:00,80149.9,80399.5,80110.1,80264.9
1787871600,2026-08-27 23:00,80264.9,80359.0,80091.1,80217.6
1787875200,2026-08-28 00:00,80209.0,80680.0,80110.6,80539.6
1787878800,2026-08-28 01:00,80537.5,81500.0,80386.6,80467.0
1787882400,2026-08-28 02:00,80467.1,80467.1,79659.2,79888.1
1787886000,2026-08-28 03:00,79888.0,80017.4,79731.9,79777.2
1787889600,2026-08-28 04:00,79783.3,79942.3,79560.2,79616.3
1787893200,2026-08-28 05:00,79616.3,79847.3,79522.3,79657.7
1787896800,2026-08-28 06:00,79657.7,79971.0,79657.7,79863.9
1787900400,2026-08-28 07:00,79863.9,79864.0,79538.9,79645.6
1787904000,2026-08-28 08:00,79645.7,79815.0,79440.0,79483.9
1787907600,2026-08-28 09:00,79483.9,79487.5,79179.7,79254.5
1787911200,2026-08-28 10:00,79254.5,79544.7,78961.5,79528.4
1787914800,2026-08-28 11:00,79528.4,79733.7,79504.7,79563.2
1787918400,2026-08-28 12:00,79563.2,79685.0,79264.2,79383.7
1787922000,2026-08-28 13:00,79383.7,79503.8,78972.8,79308.1
1787925600,2026-08-28 14:00,79281.7,79683.2,78400.0,79512.2
1787929200,2026-08-28 15:00,79512.3,79840.0,78271.0,78305.2
1787932800,2026-08-28 16:00,78309.0,78381.6,76853.1,77755.8
1787936400,2026-08-28 17:00,77755.8,78099.0,77626.9,77877.1
1787940000,2026-08-28 18:00,77877.1,77913.0,77242.8,77533.4
1787943600,2026-08-28 19:00,77533.4,77807.7,77286.7,77527.9
1787947200,2026-08-28 20:00,77546.3,77591.0,77280.0,77382.2
1787950800,2026-08-28 21:00,77377.0,77507.7,77210.8,77345.7
1787954400,2026-08-28 22:00,77342.0,77742.0,77310.8,77723.8
1787958000,2026-08-28 23:00,77723.9,77824.1,77606.9,77805.9
1787961600,2026-08-29 00:00,77805.9,77920.0,77686.1,77703.7
1787965200,2026-08-29 01:00,77703.7,77816.0,77596.0,77762.3
1787968800,2026-08-29 02:00,77762.2,77797.4,77544.1,77643.2
1787972400,2026-08-29 03:00,77643.2,77700.0,77470.6,77482.2
1787976000,2026-08-29 04:00,77482.3,77651.4,77482.2,77619.6
1787979600,2026-08-29 05:00,77619.6,77691.8,77574.9,77606.9
1787983200,2026-08-29 06:00,77606.9,77608.0,77353.0,77437.4
1787986800,2026-08-29 07:00,77437.5,77641.2,77412.7,77587.0
1787990400,2026-08-29 08:00,77586.9,77608.3,77442.1,77608.3
1787994000,2026-08-29 09:00,77608.2,77728.9,77536.1,77618.9
1787997600,2026-08-29 10:00,77619.0,77697.7,77481.9,77602.4
1788001200,2026-08-29 11:00,77602.5,77700.0,77540.0,77563.4
1788004800,2026-08-29 12:00,77563.4,77632.1,77472.4,77559.1
1788008400,2026-08-29 13:00,77559.2,77700.0,77534.0,77670.0
1788012000,2026-08-29 14:00,77670.1,78135.0,77626.9,77979.1
1788015600,2026-08-29 15:00,77979.2,77989.7,77768.0,77824.1
1788019200,2026-08-29 16:00,77824.1,78132.4,77822.8,77989.0
1788022800,2026-08-29 17:00,77989.1,78073.0,77863.2,78073.0
1788026400,2026-08-29 18:00,78073.0,78226.5,77982.5,78122.0
1788030000,2026-08-29 19:00,78122.0,78314.9,78104.5,78154.9
1788033600,2026-08-29 20:00,78154.9,78275.3,78077.7,78094.6
1788037200,2026-08-29 21:00,78094.6,78171.0,78016.0,78131.8
1788040800,2026-08-29 22:00,78131.8,78207.0,78050.7,78193.9
1788044400,2026-08-29 23:00,78193.9,78253.5,78153.1,78200.7
1788048000,2026-08-30 00:00,78200.6,78297.3,78113.2,78144.7
1788051600,2026-08-30 01:00,78144.8,78159.7,77953.8,78050.8
1788055200,2026-08-30 02:00,78050.8,78154.4,77982.1,78071.9
1788058800,2026-08-30 03:00,78072.0,78211.2,78027.0,78101.4
1788062400,2026-08-30 04:00,78101.5,78188.8,77944.9,78083.0
1788066000,2026-08-30 05:00,78083.1,78194.4,78083.0,78108.8
1788069600,2026-08-30 06:00,78108.8,78289.2,78088.3,78252.6
1788073200,2026-08-30 07:00,78253.8,78266.0,78073.9,78082.6
1788076800,2026-08-30 08:00,78082.7,78178.8,78000.0,78049.1
1788080400,2026-08-30 09:00,78049.1,78091.8,77952.8,77967.8
1788084000,2026-08-30 10:00,77967.7,78122.1,77933.4,78119.1
1788087600,2026-08-30 11:00,78119.1,78212.8,78088.1,78141.5
1788091200,2026-08-30 12:00,78141.5,78824.0,78141.4,78750.0
1788094800,2026-08-30 13:00,78750.0,78939.9,78550.0,78817.8
1788098400,2026-08-30 14:00,78817.8,78906.2,78685.3,78745.8
1788102000,2026-08-30 15:00,78745.8,78877.6,78591.3,78791.2
1788105600,2026-08-30 16:00,78791.2,79384.4,78707.4,79304.9
1788109200,2026-08-30 17:00,79304.9,79304.9,78737.0,78985.6
1788112800,2026-08-30 18:00,78985.7,79147.1,78728.7,79005.0
1788116400,2026-08-30 19:00,79005.1,79014.0,78678.0,78828.2
1788120000,2026-08-30 20:00,78828.3,78899.8,78362.0,78561.5
1788123600,2026-08-30 21:00,78561.5,78709.4,78174.8,78623.7
1788127200,2026-08-30 22:00,78623.6,78776.4,78238.0,78390.0
1788130800,2026-08-30 23:00,78390.0,78429.1,76947.2,77639.5
1788134400,2026-08-31 00:00,77634.6,78166.7,77393.5,77903.8
1788138000,2026-08-31 01:00,77903.8,77966.1,77524.6,77609.9
1788141600,2026-08-31 02:00,77609.9,77972.7,77350.7,77440.1
1788145200,2026-08-31 03:00,77440.0,77853.5,77358.3,77727.2
1788148800,2026-08-31 04:00,77727.2,77743.6,77427.2,77586.4
1788152400,2026-08-31 05:00,77586.4,78133.2,77480.0,77984.8
1788156000,2026-08-31 06:00,77984.8,78135.2,77761.4,78049.3
1788159600,2026-08-31 07:00,78049.3,78294.0,78000.0,78168.2
1788163200,2026-08-31 08:00,78168.2,78487.7,77950.0,78439.1
1788166800,2026-08-31 09:00,78439.1,78774.0,78359.4,78493.8
1788170400,2026-08-31 10:00,78486.6,78744.9,78287.6,78680.7
1788174000,2026-08-31 11:00,78680.7,78680.7,78262.0,78284.7
1788177600,2026-08-31 12:00,78284.6,78516.4,77663.1,77899.9
1788181200,2026-08-31 13:00,77900.0,78256.2,77676.8,77834.7
1788184800,2026-08-31 14:00,77834.7,78650.0,77711.7,78542.6
1788188400,2026-08-31 15:00,78573.9,78747.4,78175.5,78543.0
1788192000,2026-08-31 16:00,78543.1,78875.0,78466.2,78600.0
1788195600,2026-08-31 17:00,78600.6,79030.0,78450.2,78865.1
1788199200,2026-08-31 18:00,78865.0,79194.5,78735.4,78980.4
1788202800,2026-08-31 19:00,78980.5,79228.5,78822.2,78864.0
1788206400,2026-08-31 20:00,78869.2,79162.6,78763.2,78834.6
1788210000,2026-08-31 21:00,78834.6,79040.0,78685.9,78929.1
1788213600,2026-08-31 22:00,78929.1,78984.7,78541.3,78561.7
1788217200,2026-08-31 23:00,78561.6,78561.7,78362.4,78549.5
1788220800,2026-09-01 00:00,78549.6,78868.7,78519.7,78619.9
1788224400,2026-09-01 01:00,78617.9,78766.7,78331.3,78375.7
1788228000,2026-09-01 02:00,78375.6,78427.8,78150.0,78420.7
1788231600,2026-09-01 03:00,78420.8,78847.0,78353.1,78654.0
1788235200,2026-09-01 04:00,78654.0,78911.2,78624.3,78695.9
1788238800,2026-09-01 05:00,78696.0,79196.0,78696.0,79149.8
1788242400,2026-09-01 06:00,79149.8,79149.8,78705.8,78705.9
1788246000,2026-09-01 07:00,78705.8,78774.5,78467.6,78600.2
1788249600,2026-09-01 08:00,78600.3,78627.4,77777.0,77850.0
1788253200,2026-09-01 09:00,77850.1,78012.1,77747.0,77875.5
1788256800,2026-09-01 10:00,77875.4,78157.1,77710.4,77988.0
1788260400,2026-09-01 11:00,77988.1,78166.7,77844.0,78056.4
1788264000,2026-09-01 12:00,78056.4,78123.9,77682.4,77960.0
1788267600,2026-09-01 13:00,77961.0,78177.8,77366.0,78044.1
1788271200,2026-09-01 14:00,78039.0,78396.9,78011.8,78136.4
1788274800,2026-09-01 15:00,78136.4,78136.4,77688.0,77882.9
1788278400,2026-09-01 16:00,77877.4,77942.8,77244.3,77559.3
1788282000,2026-09-01 17:00,77559.3,77695.3,77210.0,77240.0
1788285600,2026-09-01 18:00,77240.0,77295.5,76368.0,77119.9
1788289200,2026-09-01 19:00,77119.9,77450.0,77072.2,77287.9
1788292800,2026-09-01 20:00,77286.3,77443.9,77200.0,77415.1
1788296400,2026-09-01 21:00,77415.1,77497.2,76883.6,77180.4
1788300000,2026-09-01 22:00,77180.5,77333.0,76989.9,77240.1
1788303600,2026-09-01 23:00,77240.1,77604.3,77176.0,77421.3
1788307200,2026-09-02 00:00,77400.2,77485.0,77093.4,77177.7
1788310800,2026-09-02 01:00,77179.4,77343.4,76682.3,76983.1
1788314400,2026-09-02 02:00,76983.0,77320.3,76913.4,77305.0
1788318000,2026-09-02 03:00,77299.9,77767.8,77280.6,77534.3
1788321600,2026-09-02 04:00,77534.3,77578.5,77265.6,77526.0
1788325200,2026-09-02 05:00,77526.0,77735.0,77394.6,77618.5
1788328800,2026-09-02 06:00,77618.6,77689.1,77416.0,77578.2
1788332400,2026-09-02 07:00,77578.2,77731.7,77435.4,77444.9
1788336000,2026-09-02 08:00,77444.8,77518.2,76706.0,76819.7
1788339600,2026-09-02 09:00,76819.6,77031.0,76435.5,76716.7
1788343200,2026-09-02 10:00,76716.7,76723.8,76151.9,76639.2
1788346800,2026-09-02 11:00,76639.1,76810.2,76325.0,76788.6
1788350400,2026-09-02 12:00,76788.6,77029.2,76573.2,76573.2
1788354000,2026-09-02 13:00,76573.3,77420.7,76573.2,77112.6
1788357600,2026-09-02 14:00,77115.0,77478.8,76971.5,77023.8
1788361200,2026-09-02 15:00,77023.8,77357.1,76702.6,77257.7
1788364800,2026-09-02 16:00,77250.0,77546.7,77131.5,77131.6
1788368400,2026-09-02 17:00,77131.6,77370.0,76914.3,77350.0
1788372000,2026-09-02 18:00,77350.0,77493.8,77251.5,77341.0
1788375600,2026-09-02 19:00,77341.0,77385.0,77077.7,77300.5
1788379200,2026-09-02 20:00,77301.3,77489.9,77171.0,77364.4
1788382800,2026-09-02 21:00,77364.3,77400.2,77200.0,77252.1
1788386400,2026-09-02 22:00,77252.1,77252.1,76983.0,76996.5
1788390000,2026-09-02 23:00,76996.4,77340.0,76973.4,77300.0
1788393600,2026-09-03 00:00,77300.0,77365.7,76939.5,77025.2
1788397200,2026-09-03 01:00,77025.1,77516.0,76927.3,77321.0
1788400800,2026-09-03 02:00,77321.1,77887.9,77200.1,77780.0
1788404400,2026-09-03 03:00,77783.3,77850.0,77596.3,77665.3
1788408000,2026-09-03 04:00,77665.4,77795.0,77508.9,77748.0
1788411600,2026-09-03 05:00,77747.9,77799.3,77053.8,77777.3
1788415200,2026-09-03 06:00,77777.4,77819.9,77654.5,77795.5
1788418800,2026-09-03 07:00,77795.5,78144.7,77559.4,77637.3
1788422400,2026-09-03 08:00,77627.4,78032.0,77627.4,77807.7
1788426000,2026-09-03 09:00,77807.6,77942.8,77577.0,77578.0
1788429600,2026-09-03 10:00,77578.0,77743.2,77422.8,77707.1
1788433200,2026-09-03 11:00,77707.1,77976.0,77676.7,77909.7
1788436800,2026-09-03 12:00,77909.7,78750.4,77854.0,78616.6
1788440400,2026-09-03 13:00,78616.5,78964.0,78418.3,78802.1
1788444000,2026-09-03 14:00,78802.2,80555.0,78665.8,80508.4
1788447600,2026-09-03 15:00,80508.3,81333.4,80320.9,81316.7
1788451200,2026-09-03 16:00,81316.8,81333.1,80588.0,80946.2
1788454800,2026-09-03 17:00,80937.3,81159.8,80851.7,81000.7
1788458400,2026-09-03 18:00,81006.8,81333.0,80843.8,81226.7
1788462000,2026-09-03 19:00,81226.7,81771.7,81132.5,81722.9
1788465600,2026-09-03 20:00,81722.8,81750.0,81350.0,81420.2
1788469200,2026-09-03 21:00,81420.2,82282.8,81245.5,81543.0
1788472800,2026-09-03 22:00,81547.0,81570.0,80861.1,81109.2
1788476400,2026-09-03 23:00,81109.2,81310.4,81033.7,81230.6
1788480000,2026-09-04 00:00,81230.6,81393.8,80921.1,80936.9
1788483600,2026-09-04 01:00,80936.9,81064.0,80719.9,80935.3
1788487200,2026-09-04 02:00,80935.3,80935.4,80614.0,80800.0
1788490800,2026-09-04 03:00,80800.0,81016.2,80761.3,80808.0
1788494400,2026-09-04 04:00,80808.1,81267.6,80776.1,81040.4
1788498000,2026-09-04 05:00,81040.4,81121.5,80818.0,80943.8
1788501600,2026-09-04 06:00,80952.7,81060.9,80538.6,80763.8
1788505200,2026-09-04 07:00,80763.9,80940.1,80611.8,80627.9
1788508800,2026-09-04 08:00,80628.0,81211.1,80458.0,81113.6
1788512400,2026-09-04 09:00,81113.7,81288.7,80890.3,81018.0
1788516000,2026-09-04 10:00,81018.0,81168.0,80790.9,81155.5
1788519600,2026-09-04 11:00,81150.0,81377.7,81041.2,81188.0
1788523200,2026-09-04 12:00,81188.0,81324.2,79126.0,79424.1
1788526800,2026-09-04 13:00,79423.9,79670.0,78913.4,79342.9
1788530400,2026-09-04 14:00,79342.8,79545.7,78618.1,78874.0
1788534000,2026-09-04 15:00,78874.1,79518.5,78755.1,79384.8
1788537600,2026-09-04 16:00,79384.9,79838.1,79334.1,79707.0
1788541200,2026-09-04 17:00,79709.2,79718.2,79347.9,79430.1
1788544800,2026-09-04 18:00,79430.0,79632.0,79430.0,79576.3
1788548400,2026-09-04 19:00,79576.1,79776.1,79576.1,79760.5
1788552000,2026-09-04 20:00,79754.8,79825.5,79623.9,79656.2
1788555600,2026-09-04 21:00,79656.3,79770.8,79460.9,79584.7
1788559200,2026-09-04 22:00,79584.8,79679.9,79577.5,79600.3
1788562800,2026-09-04 23:00,79600.3,79723.5,79544.0,79616.1
1788566400,2026-09-05 00:00,79616.2,79682.9,79518.3,79542.7
1788570000,2026-09-05 01:00,79542.7,79675.1,79492.0,79492.1
1788573600,2026-09-05 02:00,79492.0,79584.1,79435.4,79530.0
1788577200,2026-09-05 03:00,79530.1,79589.5,79474.3,79543.9
1788580800,2026-09-05 04:00,79543.9,79553.6,79458.8,79463.4
1788584400,2026-09-05 05:00,79460.0,79564.1,79405.2,79540.0
1788588000,2026-09-05 06:00,79540.1,79676.9,79534.1,79603.0
1788591600,2026-09-05 07:00,79603.0,79722.1,79600.0,79673.0
1788595200,2026-09-05 08:00,79673.0,79684.7,79520.0,79617.5
